{
  "google/gemini-2.5-flash-lite-preview-06-17": {
    "total_tests": 78,
    "avg_time_to_first_token": 0.00457051282051282,
    "std_time_to_first_token": 0.013216912708790262,
    "avg_time_per_input_token": 0.00018185495946477893,
    "avg_throughput": 1113.8761538461538,
    "std_throughput": 6550.376450537711,
    "avg_total_time": 10.167847435897436,
    "avg_time_per_total_token": 0.1454949057870083,
    "median_throughput": 317.44,
    "min_throughput": 0.01,
    "max_throughput": 58126.75,
    "avg_input_tokens": 37572.89743589744,
    "avg_output_tokens": 3489.730769230769,
    "correlations": {
      "time_to_first_token_vs_input_tokens": 0.6966867708381371,
      "time_to_first_token_vs_output_tokens": 0.09908642254956963,
      "time_to_first_token_vs_total_tokens": 0.6920716959179455,
      "throughput_tokens_per_sec_vs_input_tokens": -0.03831319778132599,
      "throughput_tokens_per_sec_vs_output_tokens": -0.026159975431086474,
      "throughput_tokens_per_sec_vs_total_tokens": -0.0399576548586009,
      "total_time_vs_input_tokens": 0.13465206679203018,
      "total_time_vs_output_tokens": 0.8445106453686009,
      "total_time_vs_total_tokens": 0.209408468128589
    }
  },
  "google/gemini-2.5-flash-preview-05-20": {
    "total_tests": 75,
    "avg_time_to_first_token": 0.26605733333333337,
    "std_time_to_first_token": 2.2636203387239404,
    "avg_time_per_input_token": 0.00015859417491839243,
    "avg_throughput": 2395.606133333334,
    "std_throughput": 13095.333717073576,
    "avg_total_time": 12.734002666666667,
    "avg_time_per_total_token": 0.004684617242393056,
    "median_throughput": 145.11,
    "min_throughput": 1.9,
    "max_throughput": 108473.38,
    "avg_input_tokens": 32141.68,
    "avg_output_tokens": 1134.5466666666666,
    "correlations": {
      "time_to_first_token_vs_input_tokens": 0.7408109733702455,
      "time_to_first_token_vs_output_tokens": -0.04088226412481957,
      "time_to_first_token_vs_total_tokens": 0.7366594220719521,
      "throughput_tokens_per_sec_vs_input_tokens": -0.034085775864596296,
      "throughput_tokens_per_sec_vs_output_tokens": -0.06245630711747166,
      "throughput_tokens_per_sec_vs_total_tokens": -0.03536452619732753,
      "total_time_vs_input_tokens": 0.0694704575865534,
      "total_time_vs_output_tokens": 0.8388911869511048,
      "total_time_vs_total_tokens": 0.08833295964620594
    }
  },
  "google/gemini-2.5-pro": {
    "total_tests": 73,
    "avg_time_to_first_token": 7.879431506849315,
    "std_time_to_first_token": 7.19811605730348,
    "avg_time_per_input_token": 0.6061378997630765,
    "avg_throughput": 105.90438356164384,
    "std_throughput": 219.70318557081038,
    "avg_total_time": 15.171745205479453,
    "avg_time_per_total_token": 0.056665766243051245,
    "median_throughput": 31.34,
    "min_throughput": 0.95,
    "max_throughput": 1132.0,
    "avg_input_tokens": 25008.12328767123,
    "avg_output_tokens": 650.7945205479452,
    "correlations": {
      "time_to_first_token_vs_input_tokens": -0.05547815546193586,
      "time_to_first_token_vs_output_tokens": 0.17464064416475636,
      "time_to_first_token_vs_total_tokens": -0.05311067262372457,
      "throughput_tokens_per_sec_vs_input_tokens": -0.018232212057007518,
      "throughput_tokens_per_sec_vs_output_tokens": -0.024040203595697196,
      "throughput_tokens_per_sec_vs_total_tokens": -0.018558913170863476,
      "total_time_vs_input_tokens": -0.030510449187486428,
      "total_time_vs_output_tokens": 0.9145257061095993,
      "total_time_vs_total_tokens": -0.018104767156398242
    }
  }
}